Zip Code,Neighborhoods
20002,"Trinidad Real Estate
Carver Real Estate
Ivy City Real Estate
Near Northeast Real Estate
Gallaudet Real Estate
Langston Real Estate
Kingman Park Real Estate
Arboretum Real Estate
Brentwood Real Estate
National Arboretum Real Estate
NoMa Real Estate
Capitol Hill Real Estate
Eckington Real Estate
Langdon Real Estate
Barney Circle Real Estate"
20011,"Petworth Real Estate
Brightwood Park Real Estate
Sixteenth Street Heights Real Estate
Manor Park Real Estate
Fort Totten Real Estate
Crestwood Real Estate
Pleasant Hill Real Estate
Riggs Park Real Estate
Brightwood Real Estate
Park View Real Estate
Catholic University Real Estate
Michigan Park Real Estate
Takoma Real Estate
Columbia Heights Real Estate
Mount Pleasant Real Estate"
20019,"Benning Real Estate
Mahaning Heights Real Estate
Benning Heights Real Estate
Fort Dupont Real Estate
Hillbrook Real Estate
River Terrace Real Estate
Benning Ridge Real Estate
Marshall Heights Real Estate
Mayfair Real Estate
Lincoln Heights Real Estate
Deanwood Real Estate
Civic Betterment Real Estate
Capitol View Real Estate
Eastland Gardens Real Estate
Burrville Real Estate"
20020,"Skyland Real Estate
Woodlands Real Estate
Anacostia Real Estate
Knox Hill Real Estate
Randle Highlands Real Estate
Good Hope Real Estate
Douglas Real Estate
Buena Vista Real Estate
Garfield Heights Real Estate
Fairlawn Real Estate
Naylor Gardens Real Estate
Twining Real Estate
Barry Farm Real Estate
Shipley Terrace Real Estate
Penn Branch Real Estate"
20009,"Adams Morgan Real Estate
U Street Corridor Real Estate
Dupont Circle Real Estate
Columbia Heights Real Estate
Kalorama Real Estate
Shaw Real Estate
Logan Circle Real Estate
Mount Pleasant Real Estate
Pleasant Plains Real Estate
Ledroit Park Real Estate
Woodley Park Real Estate
Woodland-Normanstone Terrace Real Estate
West End Real Estate
Park View Real Estate
Bloomingdale Real Estate"
20001,"Truxton Circle Real Estate
Shaw Real Estate
Ledroit Park Real Estate
Mount Vernon Square Real Estate
Bloomingdale Real Estate
Sursum Corda Cooperative Real Estate
Logan Circle Real Estate
Chinatown Real Estate
NoMa Real Estate
Eckington Real Estate
Pleasant Plains Real Estate
U Street Corridor Real Estate
Judiciary Square Real Estate
Penn Quarter Real Estate
Swampoodle Real Estate"
20032,"Bellevue Real Estate
Anacostia Naval Station - Boiling Air Force Base Real Estate
Blue Plains Treatment Plant Real Estate
Congress Heights Real Estate
Washington Highlands Real Estate
Potomac Yard-Potomac Greens Real Estate
Old Town North Real Estate
Northeast Real Estate
Saint Elizabeths Real Estate
Glassmanor Real Estate
Shipley Terrace Real Estate
Barry Farm Real Estate
Braddock Road Metro Real Estate
Potomac West Real Estate
Douglas Real Estate"
20016,"Spring Valley Real Estate
American University Park Real Estate
Wesley Heights Real Estate
McLean Gardens Real Estate
Kent Real Estate
Potomac Heights Real Estate
Cathedral Heights Real Estate
Tenleytown Real Estate
North Cleveland Park Real Estate
Westgate Real Estate
Berkley Real Estate
Wakefield Real Estate
Massachusetts Heights Real Estate
Glover Park Real Estate
Friendship Heights Real Estate"
20010,"Columbia Heights Real Estate
Park View Real Estate
Mount Pleasant Real Estate
Pleasant Plains Real Estate
U Street Corridor Real Estate
Adams Morgan Real Estate
Sixteenth Street Heights Real Estate
Crestwood Real Estate
Catholic University Real Estate
Petworth Real Estate
Ledroit Park Real Estate
Shaw Real Estate
Bloomingdale Real Estate
Woodley Park Real Estate
Pleasant Hill Real Estate"
20003,"Capitol Hill Real Estate
Navy Yard Real Estate
Barney Circle Real Estate
Fairlawn Real Estate
Anacostia Real Estate
Southwest Waterfront Real Estate
Kingman Park Real Estate
Near Northeast Real Estate
Swampoodle Real Estate
Buena Vista Real Estate
Southwest Federal Center Real Estate
Randle Highlands Real Estate
Barry Farm Real Estate
Greenway Real Estate
Judiciary Square Real Estate"
20007,"Burleith Real Estate
Colony Hill Real Estate
Foxhall Real Estate
Glover Park Real Estate
Berkley Real Estate
Georgetown Real Estate
Observatory Circle Real Estate
Cathedral Heights Real Estate
North Highland Real Estate
Massachusetts Heights Real Estate
North Rosslyn Real Estate
The Palisades Real Estate
Woodmont Real Estate
Riverwood Real Estate
Wesley Heights Real Estate"
20008,"Cleveland Park Real Estate
Woodley Park Real Estate
Massachusetts Heights Real Estate
North Cleveland Park Real Estate
Forest Hills Real Estate
Woodland-Normanstone Terrace Real Estate
Mount Pleasant Real Estate
McLean Gardens Real Estate
Crestwood Real Estate
Observatory Circle Real Estate
Cathedral Heights Real Estate
Wakefield Real Estate
Adams Morgan Real Estate
Glover Park Real Estate
Kalorama Real Estate"
20017,"Michigan Park Real Estate
Pleasant Hill Real Estate
Stronghold Real Estate
Brookland Real Estate
Catholic University Real Estate
North Michigan Park Real Estate
Fort Totten Real Estate
Edgewood Real Estate
Woodridge Real Estate
Brentwood Real Estate
Petworth Real Estate
Park View Real Estate
Langdon Real Estate
Eckington Real Estate
Riggs Park Real Estate"
20018,"Langdon Real Estate
Woodridge Real Estate
Gateway Real Estate
Brookland Real Estate
Arboretum Real Estate
Fort Lincoln Real Estate
Ivy City Real Estate
Brentwood Real Estate
National Arboretum Real Estate
Stronghold Real Estate
Carver Real Estate
Trinidad Real Estate
Edgewood Real Estate
North Michigan Park Real Estate
Gallaudet Real Estate"
20012,"Shepherd Park Real Estate
Colonial Village Real Estate
Takoma Real Estate
Brightwood Real Estate
Hawthorne Real Estate
Barnaby Woods Real Estate
Manor Park Real Estate
Brightwood Park Real Estate
Downtown Real Estate
Rosemary Hills Real Estate
Chevy Chase Real Estate
Woodside Real Estate
Martins Additions Real Estate
Sligo Park Hills Real Estate
Sixteenth Street Heights Real Estate"
20015,"Chevy Chase Real Estate
Barnaby Woods Real Estate
Chevy Chase Village Real Estate
Martins Additions Real Estate
Friendship Heights Real Estate
Chevy Chase Section Three Real Estate
Wakefield Real Estate
Hawthorne Real Estate
Forest Hills Real Estate
Tenleytown Real Estate
Brightwood Real Estate
Chevy Chase Section Five Real Estate
Friendship Village Real Estate
North Cleveland Park Real Estate
Colonial Village Real Estate"
20005,"Logan Circle Real Estate
Downtown Real Estate
Chinatown Real Estate
Penn Quarter Real Estate
Dupont Circle Real Estate
Mount Vernon Square Real Estate
Shaw Real Estate
U Street Corridor Real Estate
Judiciary Square Real Estate
Truxton Circle Real Estate
Foggy Bottom Real Estate
West End Real Estate
Sursum Corda Cooperative Real Estate
Ledroit Park Real Estate
National Mall - West Potomac Park Real Estate"
20024,"Southwest Waterfront Real Estate
Southwest Federal Center Real Estate
East Potomac Park Real Estate
Navy Yard Real Estate
Judiciary Square Real Estate
National Mall - West Potomac Park Real Estate
Swampoodle Real Estate
Capitol Hill Real Estate
Penn Quarter Real Estate
Barry Farm Real Estate
Chinatown Real Estate
Downtown Real Estate
Buena Vista Real Estate
Mount Vernon Square Real Estate
Sursum Corda Cooperative Real Estate"
20037,"Foggy Bottom Real Estate
West End Real Estate
Theodore Roosevelt Island Real Estate
Dupont Circle Real Estate
Georgetown Real Estate
Downtown Real Estate
Kalorama Real Estate
National Mall - West Potomac Park Real Estate
North Rosslyn Real Estate
Lady Bird Johnson Park Real Estate
Logan Circle Real Estate
Radnor-Ft Myer Heights Real Estate
Penn Quarter Real Estate
Adams Morgan Real Estate
Chinatown Real Estate"
20036,"Dupont Circle Real Estate
West End Real Estate
Downtown Real Estate
Logan Circle Real Estate
Foggy Bottom Real Estate
Kalorama Real Estate
U Street Corridor Real Estate
Adams Morgan Real Estate
Shaw Real Estate
Chinatown Real Estate
Penn Quarter Real Estate
Georgetown Real Estate
Mount Vernon Square Real Estate
National Mall - West Potomac Park Real Estate
Theodore Roosevelt Island Real Estate"
20004,"Penn Quarter Real Estate
Chinatown Real Estate
Judiciary Square Real Estate
Downtown Real Estate
Southwest Federal Center Real Estate
National Mall - West Potomac Park Real Estate
Swampoodle Real Estate
Mount Vernon Square Real Estate
Logan Circle Real Estate
Sursum Corda Cooperative Real Estate
NoMa Real Estate
Foggy Bottom Real Estate
Truxton Circle Real Estate
Shaw Real Estate
Dupont Circle Real Estate"
20006,"Downtown Real Estate
Foggy Bottom Real Estate
National Mall - West Potomac Park Real Estate
West End Real Estate
Dupont Circle Real Estate
Penn Quarter Real Estate
Logan Circle Real Estate
Chinatown Real Estate
Theodore Roosevelt Island Real Estate
Mount Vernon Square Real Estate
Judiciary Square Real Estate
Kalorama Real Estate
Shaw Real Estate
Lady Bird Johnson Park Real Estate
Southwest Federal Center Real Estate"